{
      "Loss": 0.4660477340221405,
      "Recall": 0.9671847820281982,
      "Accuracy": 0.9671847820281982,
      "F1": 0.9875465035438538,
      "GroundTruth_in_Minutes": [
            19.356550000000002,
            0.0,
            0.0
      ],
      "True_Positive_in_Minutes": [
            19.111033333333335,
            0.0,
            0.0
      ],
      "Percentages": [
            0.9873160936909383,
            NaN,
            NaN
      ]
}