{
      "Loss": 0.422751784324646,
      "Recall": 0.9619181752204895,
      "Accuracy": 0.9619181752204895,
      "F1": 0.9866592884063721,
      "GroundTruth_in_Minutes": [
            20.38585,
            16.996883333333333,
            8.801283333333334
      ],
      "True_Positive_in_Minutes": [
            19.68675,
            16.645966666666666,
            8.13485
      ],
      "Percentages": [
            0.9657066053169232,
            0.979354058047897,
            0.9242799818965795
      ]
}