{
      "Loss": 2.315836191177368,
      "Recall": 0.8791841268539429,
      "Accuracy": 0.8791841268539429,
      "F1": 0.9867587685585022,
      "GroundTruth_in_Minutes": [
            21.57205,
            26.945966666666667,
            13.545666666666667
      ],
      "True_Positive_in_Minutes": [
            20.381050000000002,
            21.19653333333333,
            8.2463
      ],
      "Percentages": [
            0.9447896699664613,
            0.7866310233195072,
            0.6087777148903708
      ]
}