{
      "Loss": 0.927297830581665,
      "Recall": 0.9454545378684998,
      "Accuracy": 0.9454545378684998,
      "F1": 0.986646294593811,
      "GroundTruth_in_Minutes": [
            15.976566666666667,
            24.23975,
            18.013466666666666
      ],
      "True_Positive_in_Minutes": [
            15.164266666666666,
            23.1586,
            17.071649999999998
      ],
      "Percentages": [
            0.9491567858759808,
            0.9553976423024164,
            0.9477159680535302
      ]
}