{
      "Loss": 1.2545771598815918,
      "Recall": 0.934471607208252,
      "Accuracy": 0.934471607208252,
      "F1": 0.9869278073310852,
      "GroundTruth_in_Minutes": [
            23.58125,
            25.9907,
            21.243166666666664
      ],
      "True_Positive_in_Minutes": [
            21.445383333333332,
            25.05568333333333,
            19.011766666666666
      ],
      "Percentages": [
            0.9094252142415407,
            0.9640249525150661,
            0.8949591633387992
      ]
}