{
      "Loss": 0.49040862917900085,
      "Recall": 0.9593607187271118,
      "Accuracy": 0.9593607187271118,
      "F1": 0.9863106608390808,
      "GroundTruth_in_Minutes": [
            27.575016666666667,
            27.162366666666667,
            14.7536
      ],
      "True_Positive_in_Minutes": [
            27.163633333333333,
            26.425516666666667,
            14.472066666666667
      ],
      "Percentages": [
            0.9850813024591705,
            0.972872393299062,
            0.9809176517369772
      ]
}