{
      "Loss": 0.3790563941001892,
      "Recall": 0.9487485289573669,
      "Accuracy": 0.9487485289573669,
      "F1": 0.9863771200180054,
      "GroundTruth_in_Minutes": [
            16.7008,
            8.245616666666667,
            1.0084166666666667
      ],
      "True_Positive_in_Minutes": [
            16.5774,
            8.183916666666667,
            1.0084166666666667
      ],
      "Percentages": [
            0.9926111324008431,
            0.9925172364306692,
            1.0
      ]
}