{
      "Loss": 0.724550187587738,
      "Recall": 0.9628770351409912,
      "Accuracy": 0.9628770351409912,
      "F1": 0.9865514039993286,
      "GroundTruth_in_Minutes": [
            26.971133333333334,
            24.381233333333334,
            13.560566666666666
      ],
      "True_Positive_in_Minutes": [
            26.450566666666667,
            23.38361666666667,
            12.540033333333334
      ],
      "Percentages": [
            0.9806991178222643,
            0.9590826004153468,
            0.9247425746711667
      ]
}