{
      "Loss": 0.3402565121650696,
      "Recall": 0.973929226398468,
      "Accuracy": 0.973929226398468,
      "F1": 0.9865221977233887,
      "GroundTruth_in_Minutes": [
            15.882083333333332,
            0.0,
            0.0
      ],
      "True_Positive_in_Minutes": [
            15.709383333333333,
            0.0,
            0.0
      ],
      "Percentages": [
            0.9891261117086865,
            NaN,
            NaN
      ]
}