{
      "Loss": 0.777206540107727,
      "Recall": 0.9464450478553772,
      "Accuracy": 0.9464450478553772,
      "F1": 0.988351583480835,
      "GroundTruth_in_Minutes": [
            19.7852,
            16.952749999999998,
            11.051283333333334
      ],
      "True_Positive_in_Minutes": [
            19.239116666666668,
            16.23786666666667,
            10.580233333333332
      ],
      "Percentages": [
            0.9723994029207017,
            0.9578308337388725,
            0.9573759910236668
      ]
}