{
      "Loss": 5.136008262634277,
      "Recall": 0.7061808109283447,
      "Accuracy": 0.7061808109283447,
      "F1": 0.9873276948928833,
      "GroundTruth_in_Minutes": [
            16.45348333333333,
            21.051750000000002,
            17.475649999999998
      ],
      "True_Positive_in_Minutes": [
            4.432516666666667,
            1.8253166666666667,
            5.6037
      ],
      "Percentages": [
            0.2693968551745376,
            0.08670617248763958,
            0.32065760071871435
      ]
}