{
      "Loss": 1.2904865741729736,
      "Recall": 0.9110386371612549,
      "Accuracy": 0.9110386371612549,
      "F1": 0.9863779544830322,
      "GroundTruth_in_Minutes": [
            15.173983333333332,
            17.244466666666664,
            13.6348
      ],
      "True_Positive_in_Minutes": [
            13.832249999999998,
            15.260966666666667,
            9.809016666666668
      ],
      "Percentages": [
            0.9115767228776447,
            0.884977596678355,
            0.7194103812792757
      ]
}